{
    "mAP50": 0.8804977033990954,
    "mAP50-95": 0.5746612804772396,
    "Precision": [
        1.0,
        0.9692338693360479,
        0.8902631970182721,
        0.8498197490073235,
        0.8164169075751524,
        0.9553153983332723,
        0.7545246651117296,
        0.8486327174974019,
        0.8925538958074367
    ],
    "Recall": [
        0.4588731933122314,
        0.9333333333333333,
        0.901944816118029,
        0.8875,
        0.841428019406857,
        0.7647058823529411,
        1.0,
        0.9722222222222222,
        0.9780421284159814
    ],
    "Per-Class mAP": [
        0.36058307623262914,
        0.737692637266771,
        0.5998078398687057,
        0.5471893316578523,
        0.5904562048316747,
        0.4595216113967003,
        0.6502406997084548,
        0.6281377485142048,
        0.5983223748181643
    ]
}